id,first_name,last_name,email,gender,ip_address
501,Goran,Verrillo,gverrillodw@quantcast.com,Male,55.203.154.72
502,Sven,Antao,santaodx@amazon.de,Male,163.23.155.244
503,Cesaro,Ecclestone,cecclestonedy@usnews.com,Male,69.97.156.221
504,Layney,Philippeaux,lphilippeauxdz@cyberchimps.com,Female,37.191.223.222
505,Devlin,Greveson,dgrevesone0@flavors.me,Male,1.82.66.161
506,Sybil,Skellon,sskellone1@independent.co.uk,Female,3.227.156.143
507,Niel,Critten,ncrittene2@epa.gov,Male,31.144.154.173
508,Carrol,Yacob,cyacobe3@wix.com,Male,218.227.233.197
509,Putnem,Chene,pchenee4@irs.gov,Male,125.86.102.48
510,Hasty,Pim,hpime5@mlb.com,Male,172.162.222.246
511,Hillary,Newstead,hnewsteade6@skype.com,Female,27.166.153.1
512,Cecily,Fagge,cfaggee7@dmoz.org,Female,237.134.81.90
513,Mateo,Credland,mcredlande8@accuweather.com,Male,23.174.47.74
514,Karissa,Stuttard,kstuttarde9@homestead.com,Female,49.38.248.72
515,Fidelio,Walsh,fwalshea@usatoday.com,Male,131.18.57.35
516,Kipp,D'Cruze,kdcruzeeb@w3.org,Female,137.94.200.139
517,Zacharias,Cottey,zcotteyec@mit.edu,Male,88.206.143.154
518,Biddy,Mathwin,bmathwined@samsung.com,Female,29.223.114.198
519,Sophia,Whitty,swhittyee@tuttocitta.it,Female,191.213.58.244
520,Salomone,Jakucewicz,sjakucewiczef@fda.gov,Male,139.106.25.78
521,Calhoun,Sewill,csewilleg@friendfeed.com,Male,196.58.186.127
522,Ferris,Wesson,fwessoneh@discuz.net,Male,97.171.202.119
523,Misha,McFeate,mmcfeateei@arstechnica.com,Female,88.43.234.151
524,Hannie,Frunks,hfrunksej@uiuc.edu,Female,122.39.46.95
525,Irita,Plastow,iplastowek@europa.eu,Female,160.230.218.63
526,Aila,Gomez,agomezel@abc.net.au,Female,139.54.87.125
527,Stacie,Dragoe,sdragoeem@umich.edu,Female,249.225.167.42
528,Isiahi,Goublier,igoublieren@cornell.edu,Male,164.36.134.183
529,Ulrich,McCrisken,umccriskeneo@yandex.ru,Male,93.130.43.92
530,Findley,Stillgoe,fstillgoeep@edublogs.org,Male,0.93.36.170
531,Delora,Tillerton,dtillertoneq@zdnet.com,Female,172.75.145.250
532,Flore,Henker,fhenkerer@odnoklassniki.ru,Female,253.202.145.34
533,Alistair,Howard,ahowardes@ask.com,Male,86.109.12.218
534,Lem,Totterdill,ltotterdillet@psu.edu,Male,181.221.66.87
535,Melisandra,Guare,mguareeu@xing.com,Female,8.56.55.3
536,Jozef,Gentery,jgenteryev@hexun.com,Male,246.198.4.133
537,Chantal,Beard,cbeardew@redcross.org,Female,197.70.113.147
538,Philomena,Tillard,ptillardex@bigcartel.com,Female,96.34.53.134
539,Ty,Dicte,tdicteey@merriam-webster.com,Male,88.88.11.182
540,Bernice,Hackly,bhacklyez@wikia.com,Female,59.236.113.8
541,Antonietta,Debnam,adebnamf0@wufoo.com,Female,180.101.219.114
542,Horace,Staunton,hstauntonf1@apache.org,Male,213.15.197.9
543,Chrotoem,Burrells,cburrellsf2@exblog.jp,Male,38.253.192.177
544,Creight,Ottewell,cottewellf3@friendfeed.com,Male,119.38.106.15
545,Jeniffer,Trusslove,jtrusslovef4@hostgator.com,Female,8.29.179.177
546,Margette,Slator,mslatorf5@cam.ac.uk,Female,188.94.56.29
547,Murray,Warlton,mwarltonf6@cisco.com,Male,217.240.20.254
548,Constantin,Pocknell,cpocknellf7@dailymotion.com,Male,211.237.171.10
549,Sorcha,Metzing,smetzingf8@fastcompany.com,Female,57.161.220.73
550,Irina,Junkin,ijunkinf9@indiatimes.com,Female,28.181.94.126
551,Pen,Melody,pmelodyfa@deviantart.com,Female,148.20.100.58
552,Selle,Bircher,sbircherfb@kickstarter.com,Female,235.138.255.133
553,Gelya,Bankes,gbankesfc@elpais.com,Female,78.3.243.240
554,Freeland,Tithecott,ftithecottfd@altervista.org,Male,99.217.210.91
555,Jayne,Gaffney,jgaffneyfe@va.gov,Female,204.199.217.97
556,Caresse,Neenan,cneenanff@google.co.uk,Female,35.124.32.92
557,Leilah,Fallen,lfallenfg@apache.org,Female,252.153.60.44
558,Currey,Kilgallen,ckilgallenfh@geocities.jp,Male,249.122.196.55
559,Jo,Fehner,jfehnerfi@un.org,Male,58.30.237.166
560,Roz,Redan,rredanfj@webs.com,Female,65.190.131.35
561,Melicent,Meechan,mmeechanfk@ehow.com,Female,118.74.221.244
562,Leeland,Qualtro,lqualtrofl@tripod.com,Male,89.177.200.74
563,Odey,Garrelts,ogarreltsfm@dropbox.com,Male,65.70.85.218
564,Jorie,Arling,jarlingfn@unc.edu,Female,176.87.132.112
565,Ingmar,Life,ilifefo@shinystat.com,Male,31.31.99.236
566,Barret,Torresi,btorresifp@squarespace.com,Male,232.72.5.202
567,Lanni,Carse,lcarsefq@oracle.com,Female,121.32.141.221
568,Adolpho,Oxx,aoxxfr@blogger.com,Male,131.177.13.131
569,Mitchael,Pennaman,mpennamanfs@mediafire.com,Male,245.92.69.232
570,Donnell,O'Corrane,docorraneft@friendfeed.com,Male,102.217.182.189
571,Gaston,Butler,gbutlerfu@cnn.com,Male,181.201.213.193
572,Anestassia,Pymar,apymarfv@ftc.gov,Female,10.203.147.122
573,Kathlin,Dur,kdurfw@multiply.com,Female,184.106.99.60
574,Cesar,Britnell,cbritnellfx@bbb.org,Male,55.233.165.226
575,Lishe,Purvey,lpurveyfy@discuz.net,Female,154.20.86.44
576,Ryan,Feavyour,rfeavyourfz@bloglines.com,Male,36.122.210.211
577,Farrell,Kibbee,fkibbeeg0@feedburner.com,Male,14.95.255.71
578,Frankie,Shorte,fshorteg1@google.nl,Male,141.195.125.214
579,Kent,Hubbucke,khubbuckeg2@about.me,Male,150.114.24.232
580,Elden,Sieghart,esieghartg3@youku.com,Male,173.245.235.157
581,Theda,Mitkcov,tmitkcovg4@trellian.com,Female,212.36.137.74
582,Rinaldo,Veazey,rveazeyg5@harvard.edu,Male,180.64.170.204
583,Merwyn,Shadrach,mshadrachg6@xinhuanet.com,Male,53.137.55.212
584,Micaela,Duligall,mduligallg7@delicious.com,Female,28.99.166.193
585,Josie,Fearneley,jfearneleyg8@ca.gov,Female,78.195.50.41
586,Kalina,Immins,kimminsg9@is.gd,Female,159.138.207.219
587,Gussie,Merrell,gmerrellga@mac.com,Female,146.139.101.234
588,Brook,Clappison,bclappisongb@dion.ne.jp,Female,80.2.1.192
589,Oralia,Fissenden,ofissendengc@typepad.com,Female,226.157.37.253
590,Radcliffe,McGawn,rmcgawngd@samsung.com,Male,97.172.235.221
591,Esma,Calloway,ecallowayge@sun.com,Female,193.212.31.201
592,Leeann,Stammirs,lstammirsgf@123-reg.co.uk,Female,175.88.201.192
593,Curcio,Fradson,cfradsongg@cbslocal.com,Male,60.218.172.228
594,Artair,Finci,afincigh@imgur.com,Male,34.205.153.29
595,Nissa,Newall,nnewallgi@mail.ru,Female,75.56.201.75
596,Jasmina,Vedeniktov,jvedeniktovgj@gmpg.org,Female,57.101.16.160
597,Kristopher,McNish,kmcnishgk@joomla.org,Male,208.194.95.52
598,Faina,Hanna,fhannagl@about.com,Female,209.230.67.9
599,Leroi,Brikner,lbriknergm@lycos.com,Male,158.183.230.48
600,Norby,Candlish,ncandlishgn@goo.ne.jp,Male,149.5.139.50
601,Danit,Mordey,dmordeygo@virginia.edu,Female,44.201.119.109
602,Cathryn,Ibel,cibelgp@google.pl,Female,71.105.58.75
603,Ashli,Pinchin,apinchingq@privacy.gov.au,Female,148.52.61.13
604,Wiley,Tuite,wtuitegr@chicagotribune.com,Male,142.98.41.118
605,Xylina,Dillamore,xdillamoregs@hao123.com,Female,159.90.225.103
606,Pierce,Gadeaux,pgadeauxgt@ca.gov,Male,193.88.224.239
607,Fernandina,Vatini,fvatinigu@mysql.com,Female,108.175.42.119
608,Ardys,Lidierth,alidierthgv@phpbb.com,Female,39.149.57.165
609,Willa,Rawsthorne,wrawsthornegw@youtube.com,Female,214.69.214.193
610,Hatty,Barok,hbarokgx@eepurl.com,Female,177.17.107.159
611,Meade,Drewery,mdrewerygy@vimeo.com,Female,31.12.34.122
612,Micah,Shakesby,mshakesbygz@mozilla.org,Male,125.127.170.230
613,Nikola,Wohler,nwohlerh0@lulu.com,Male,153.215.233.119
614,Abe,Gottschalk,agottschalkh1@senate.gov,Male,179.223.160.196
615,Jeniffer,Venny,jvennyh2@ucla.edu,Female,68.59.19.154
616,Jameson,Alsop,jalsoph3@joomla.org,Male,71.176.212.229
617,Herbie,Scopes,hscopesh4@typepad.com,Male,57.138.138.107
618,Regine,Chanter,rchanterh5@hubpages.com,Female,121.125.66.58
619,Reynolds,Martinek,rmartinekh6@wunderground.com,Male,215.174.229.159
620,Benjie,Verecker,bvereckerh7@homestead.com,Male,18.242.227.31
621,Corbie,Damiata,cdamiatah8@hp.com,Male,55.50.177.7
622,Rachael,Botterman,rbottermanh9@thetimes.co.uk,Female,38.103.223.190
623,Pattin,Velasquez,pvelasquezha@fema.gov,Male,170.239.27.60
624,Vince,Malden,vmaldenhb@reddit.com,Male,243.65.33.122
625,Genna,Kirkham,gkirkhamhc@acquirethisname.com,Female,56.79.222.37
626,Karla,Dubarry,kdubarryhd@weebly.com,Female,134.188.70.115
627,Quentin,Stopher,qstopherhe@dailymail.co.uk,Male,22.173.23.223
628,Rachele,Ralls,rrallshf@studiopress.com,Female,235.132.49.127
629,Enid,Brasseur,ebrasseurhg@discuz.net,Female,252.187.177.227
630,Miguelita,Gallahue,mgallahuehh@taobao.com,Female,146.240.91.11
631,Davin,Rupel,drupelhi@msn.com,Male,247.246.1.255
632,Kalle,Perks,kperkshj@washingtonpost.com,Male,241.4.166.100
633,Tildi,Van Arsdall,tvanarsdallhk@mtv.com,Female,242.119.158.96
634,Polly,Bendixen,pbendixenhl@amazon.de,Female,100.199.148.164
635,Carrissa,Beddis,cbeddishm@msn.com,Female,243.124.121.130
636,Bob,Edgecombe,bedgecombehn@alexa.com,Male,197.161.49.236
637,Ryun,Ellams,rellamsho@dailymail.co.uk,Male,249.195.226.159
638,Alfy,Geldart,ageldarthp@mashable.com,Female,218.48.34.102
639,Janifer,Terzo,jterzohq@multiply.com,Female,152.227.158.103
640,Aurie,MacAlpine,amacalpinehr@twitter.com,Female,191.40.58.239
641,Jedd,Kline,jklinehs@qq.com,Male,176.197.2.183
642,Nickolaus,Orwell,norwellht@tripod.com,Male,195.178.158.182
643,Jesus,Labbe,jlabbehu@imageshack.us,Male,200.165.170.93
644,Marlyn,Blyth,mblythhv@acquirethisname.com,Female,181.17.145.176
645,Ashleigh,Danelut,adaneluthw@123-reg.co.uk,Female,121.27.43.63
646,Griffith,Stoller,gstollerhx@nature.com,Male,241.118.90.99
647,Fransisco,O'Docherty,fodochertyhy@wikia.com,Male,87.205.7.34
648,Erhart,Gradon,egradonhz@unc.edu,Male,31.140.101.73
649,Delia,Digges,ddiggesi0@1688.com,Female,217.223.109.117
650,Selia,Bouda,sboudai1@ning.com,Female,157.124.90.92
651,Eachelle,Goulstone,egoulstonei2@psu.edu,Female,179.175.202.24
652,Eldridge,Innis,einnisi3@twitpic.com,Male,122.58.35.39
653,Kit,Phelipeaux,kphelipeauxi4@aol.com,Male,125.73.104.218
654,Babs,Chesterton,bchestertoni5@i2i.jp,Female,63.172.99.85
655,Codie,Copping,ccoppingi6@cyberchimps.com,Male,156.214.89.217
656,Rebekkah,Heare,rhearei7@cpanel.net,Female,245.198.187.156
657,Marguerite,Gurwood,mgurwoodi8@latimes.com,Female,78.145.239.1
658,Mahala,Patington,mpatingtoni9@washingtonpost.com,Female,159.212.94.245
659,Clem,Wrankmore,cwrankmoreia@canalblog.com,Female,96.229.247.55
660,Jennee,Taplow,jtaplowib@uiuc.edu,Female,242.208.40.215
661,Salomo,Hargraves,shargravesic@amazon.co.jp,Male,2.127.155.196
662,Devin,Lortzing,dlortzingid@diigo.com,Male,224.67.223.39
663,Aviva,Blumson,ablumsonie@usnews.com,Female,157.226.226.164
664,Alla,Mangan,amanganif@ihg.com,Female,218.222.33.202
665,Dulcine,Fearenside,dfearensideig@themeforest.net,Female,40.136.160.127
666,Alexandros,MacNab,amacnabih@discuz.net,Male,106.250.76.118
667,Ardis,Brussels,abrusselsii@taobao.com,Female,209.122.139.120
668,Elfreda,Rulf,erulfij@bandcamp.com,Female,206.44.164.67
669,Gabrila,Slogrove,gslogroveik@vk.com,Female,88.199.15.248
670,Nikolai,Shalders,nshaldersil@elpais.com,Male,198.26.75.81
671,Cece,Pulbrook,cpulbrookim@bravesites.com,Male,255.67.62.133
672,Buck,Romaine,bromainein@sogou.com,Male,226.46.166.55
673,Enrique,Burg,eburgio@go.com,Male,96.141.225.165
674,Legra,Butlin,lbutlinip@timesonline.co.uk,Female,105.137.177.57
675,Isis,McCandless,imccandlessiq@behance.net,Female,207.150.31.220
676,Madella,Mariotte,mmariotteir@nationalgeographic.com,Female,7.103.44.98
677,Cloe,Joreau,cjoreauis@google.com.br,Female,2.134.148.124
678,Torrie,Dufoure,tdufoureit@exblog.jp,Female,206.36.143.81
679,Ferguson,Verson,fversoniu@ucsd.edu,Male,218.16.196.128
680,Lanita,Pittham,lpitthamiv@ca.gov,Female,228.32.194.146
681,Agustin,Arden,aardeniw@guardian.co.uk,Male,248.76.119.170
682,Deeann,Korb,dkorbix@themeforest.net,Female,6.145.53.159
683,Ham,Cornill,hcornilliy@rambler.ru,Male,32.11.251.73
684,Drew,Gors,dgorsiz@umn.edu,Male,168.156.35.18
685,Elston,Brookwood,ebrookwoodj0@pagesperso-orange.fr,Male,236.253.176.206
686,Sean,Crotty,scrottyj1@cmu.edu,Female,42.220.3.255
687,Hildy,Dawe,hdawej2@irs.gov,Female,92.207.77.164
688,Evan,Danels,edanelsj3@smugmug.com,Male,15.228.10.10
689,Juanita,Whybrow,jwhybrowj4@army.mil,Female,206.123.193.73
690,Rustin,McReidy,rmcreidyj5@gizmodo.com,Male,35.13.243.115
691,Helenka,Been,hbeenj6@utexas.edu,Female,141.40.116.62
692,Aron,Battabee,abattabeej7@spiegel.de,Male,28.17.49.223
693,Agnese,Botwright,abotwrightj8@apache.org,Female,2.156.247.114
694,Waylen,Gasnell,wgasnellj9@elpais.com,Male,153.30.155.127
695,Cathrin,Charlwood,ccharlwoodja@wisc.edu,Female,31.250.163.7
696,Teador,Watkinson,twatkinsonjb@theatlantic.com,Male,144.43.36.94
697,Ermengarde,Brooks,ebrooksjc@ted.com,Female,57.36.133.81
698,Kylie,Bartolomeo,kbartolomeojd@who.int,Male,116.72.118.142
699,Tyne,Ettritch,tettritchje@live.com,Female,174.124.76.172
700,Lucienne,O'Dea,lodeajf@mac.com,Female,240.145.75.103
701,Alasdair,Dobinson,adobinsonjg@ehow.com,Male,180.171.104.40
702,Marian,Rabier,mrabierjh@bbc.co.uk,Female,91.168.11.116
703,Joella,Hrinchenko,jhrinchenkoji@weather.com,Female,151.43.127.115
704,Julia,Paddemore,jpaddemorejj@virginia.edu,Female,95.67.182.16
705,Jackie,Van den Bosch,jvandenboschjk@psu.edu,Female,216.73.50.15
706,Brent,Prose,bprosejl@mediafire.com,Male,47.10.54.35
707,Giordano,MacCoughan,gmaccoughanjm@answers.com,Male,55.39.23.99
708,Ambros,Dupree,adupreejn@dropbox.com,Male,249.210.243.95
709,Ricard,Jankovsky,rjankovskyjo@google.com.au,Male,125.51.20.135
710,Fraze,McCoy,fmccoyjp@archive.org,Male,67.104.199.149
711,Rudolph,Jeffreys,rjeffreysjq@nature.com,Male,120.21.230.244
712,Nert,Sandyford,nsandyfordjr@princeton.edu,Female,40.196.168.29
713,Sancho,Brolly,sbrollyjs@jalbum.net,Male,33.246.137.132
714,Morey,Dewi,mdewijt@china.com.cn,Male,151.98.209.133
715,Kareem,Claxton,kclaxtonju@ihg.com,Male,105.22.164.29
716,Aindrea,Munnings,amunningsjv@slideshare.net,Female,251.121.59.214
717,Jerry,Donat,jdonatjw@printfriendly.com,Female,102.169.46.169
718,Regan,Meegin,rmeeginjx@yellowbook.com,Male,140.20.247.66
719,Larisa,Fevier,lfevierjy@csmonitor.com,Female,30.146.219.19
720,Evin,McGilvary,emcgilvaryjz@biglobe.ne.jp,Male,110.80.81.141
721,Aurel,Larkcum,alarkcumk0@taobao.com,Female,245.109.130.175
722,Winston,Caldwall,wcaldwallk1@pen.io,Male,96.234.104.91
723,Skye,Ashworth,sashworthk2@intel.com,Male,16.197.145.39
724,Jefferson,Willmetts,jwillmettsk3@rakuten.co.jp,Male,49.218.67.125
725,Sigfrid,Penley,spenleyk4@deliciousdays.com,Male,109.238.67.113
726,Homere,Goffe,hgoffek5@blogger.com,Male,163.43.119.179
727,Clare,Kolak,ckolakk6@unblog.fr,Male,45.157.107.55
728,Tucky,Philp,tphilpk7@irs.gov,Male,97.202.236.90
729,Berky,Haggleton,bhaggletonk8@foxnews.com,Male,127.204.76.115
730,Odie,Alvar,oalvark9@csmonitor.com,Male,13.41.81.54
731,Noell,Peaseman,npeasemanka@qq.com,Female,244.97.163.215
732,Brande,Andrysek,bandrysekkb@economist.com,Female,0.28.239.67
733,Ami,Monk,amonkkc@soup.io,Female,171.165.226.100
734,Mata,Brendel,mbrendelkd@360.cn,Male,13.30.50.105
735,Solomon,Bemrose,sbemroseke@admin.ch,Male,201.71.81.127
736,Montague,Dudson,mdudsonkf@list-manage.com,Male,51.83.86.187
737,Phillipe,Riddock,priddockkg@dion.ne.jp,Male,254.17.133.148
738,Irvine,Causley,icausleykh@i2i.jp,Male,233.244.16.79
739,Jacob,Mithun,jmithunki@clickbank.net,Male,138.89.216.202
740,Jacky,Anthill,janthillkj@dedecms.com,Female,185.62.246.120
741,Zebulon,Gorges,zgorgeskk@cdbaby.com,Male,69.213.64.86
742,Kelvin,Pirdy,kpirdykl@washingtonpost.com,Male,253.5.37.140
743,Lyon,Jenkyn,ljenkynkm@europa.eu,Male,196.166.189.55
744,Bendite,Thirlaway,bthirlawaykn@purevolume.com,Female,234.235.159.106
745,Llywellyn,Hurworth,lhurworthko@cyberchimps.com,Male,124.64.184.92
746,Tiffanie,Riseborough,triseboroughkp@hao123.com,Female,144.62.18.118
747,Chris,Ambrogioli,cambrogiolikq@ebay.com,Male,62.197.144.50
748,Avivah,Hogbourne,ahogbournekr@reference.com,Female,229.145.203.197
749,Lorne,Gurko,lgurkoks@scribd.com,Male,100.240.212.229
750,Ferdinande,Kellough,fkelloughkt@ibm.com,Female,34.166.166.234
751,Gardy,Pennoni,gpennoniku@uiuc.edu,Male,84.205.255.136
752,Mendy,Poag,mpoagkv@list-manage.com,Male,62.79.81.86
753,Horatius,Pendleberry,hpendleberrykw@ask.com,Male,23.182.237.211
754,Rosella,Passy,rpassykx@ebay.com,Female,120.87.201.101
755,Richardo,Wheatley,rwheatleyky@wordpress.org,Male,255.62.22.185
756,Niles,Maevela,nmaevelakz@japanpost.jp,Male,221.125.204.123
757,Dermot,Onn,donnl0@booking.com,Male,201.173.9.12
758,Linn,Feeny,lfeenyl1@mapquest.com,Male,133.147.109.150
759,Anna-diane,Godspeede,agodspeedel2@symantec.com,Female,51.18.0.60
760,Kalila,McTiernan,kmctiernanl3@jiathis.com,Female,22.30.39.230
761,Mateo,Cresar,mcresarl4@biblegateway.com,Male,236.218.20.199
762,Haven,Francecione,hfrancecionel5@google.pl,Male,91.98.228.54
763,Astra,McGreal,amcgreall6@independent.co.uk,Female,162.170.71.71
764,Emlyn,Bonas,ebonasl7@tumblr.com,Male,86.240.133.31
765,Jackie,Lowre,jlowrel8@sbwire.com,Male,50.159.139.213
766,Brew,Bernardini,bbernardinil9@webnode.com,Male,114.109.128.55
767,Cesar,Plan,cplanla@hao123.com,Male,154.225.1.119
768,Dorise,Beaglehole,dbeagleholelb@hp.com,Female,145.196.248.221
769,Hirsch,Crooke,hcrookelc@yandex.ru,Male,171.176.191.126
770,Hogan,Simpkin,hsimpkinld@oracle.com,Male,203.101.131.93
771,Leanora,Wince,lwincele@pen.io,Female,15.255.227.121
772,Mikel,Clemes,mclemeslf@sohu.com,Male,51.137.95.95
773,Drusie,Morbey,dmorbeylg@ask.com,Female,160.97.199.110
774,Olly,Kirdsch,okirdschlh@xrea.com,Male,25.219.214.147
775,Rudolph,Borrie,rborrieli@latimes.com,Male,145.52.118.130
776,Tiena,Straneo,tstraneolj@weibo.com,Female,179.63.48.165
777,Row,Ricson,rricsonlk@cnet.com,Female,24.223.69.231
778,Parke,Silversmidt,psilversmidtll@cbsnews.com,Male,106.170.115.81
779,Minta,Howford,mhowfordlm@newyorker.com,Female,230.220.168.151
780,Budd,Scullin,bscullinln@hostgator.com,Male,70.142.148.59
781,Cassie,Chalice,cchalicelo@columbia.edu,Male,218.68.101.118
782,Shantee,Hartegan,sharteganlp@discovery.com,Female,158.65.127.11
783,Osmond,Smithend,osmithendlq@naver.com,Male,36.154.171.22
784,Isa,Son,isonlr@hexun.com,Male,218.184.141.43
785,Thatch,Purselow,tpurselowls@github.io,Male,243.45.198.53
786,Elvina,Moscrop,emoscroplt@exblog.jp,Female,147.241.148.205
787,Edita,Busk,ebusklu@canalblog.com,Female,88.252.105.149
788,Norina,Camis,ncamislv@ocn.ne.jp,Female,160.150.74.216
789,Thornie,Baudains,tbaudainslw@rediff.com,Male,152.173.38.246
790,Sergent,Iannazzi,siannazzilx@example.com,Male,224.187.126.90
791,Pernell,Marnes,pmarnesly@usgs.gov,Male,53.61.142.200
792,Theressa,Siene,tsienelz@wikispaces.com,Female,15.22.65.180
793,Niles,Vedstra,nvedstram0@hc360.com,Male,103.102.204.14
794,Elwyn,Cato,ecatom1@amazon.com,Male,62.69.156.26
795,Arliene,Bradder,abradderm2@youku.com,Female,150.251.243.220
796,Brittney,Boller,bbollerm3@rakuten.co.jp,Female,51.244.166.161
797,Isaiah,Gegg,igeggm4@nhs.uk,Male,22.12.48.142
798,Robin,Payn,rpaynm5@amazon.de,Female,127.188.114.71
799,Garrard,Avo,gavom6@xinhuanet.com,Male,134.14.49.93
800,Florette,Winterbourne,fwinterbournem7@myspace.com,Female,23.123.112.83
801,Candie,Stygall,cstygallm8@stumbleupon.com,Female,165.29.36.108
802,Kilian,Flores,kfloresm9@usnews.com,Male,58.190.231.42
803,Lewie,Kivlehan,lkivlehanma@yolasite.com,Male,118.4.79.238
804,Anetta,Asbrey,aasbreymb@seattletimes.com,Female,177.48.201.173
805,Ronna,Simioli,rsimiolimc@nationalgeographic.com,Female,74.38.146.223
806,Teodora,Fields,tfieldsmd@un.org,Female,231.92.73.87
807,Wilden,Bradman,wbradmanme@privacy.gov.au,Male,85.147.196.202
808,Manfred,todor,mtodormf@instagram.com,Male,180.183.130.95
809,Barbee,Claibourn,bclaibournmg@google.com,Female,138.103.14.90
810,Atlanta,Audry,aaudrymh@pcworld.com,Female,108.245.107.202
811,Skipton,Ragbourn,sragbournmi@e-recht24.de,Male,4.85.53.85
812,Elyssa,Beamish,ebeamishmj@360.cn,Female,131.10.62.212
813,Dusty,Bowery,dbowerymk@google.it,Female,52.186.124.101
814,Flint,Menego,fmenegoml@businessinsider.com,Male,223.157.152.16
815,Alvie,Clutheram,aclutherammm@businessweek.com,Male,240.2.123.18
816,Noble,Vickarman,nvickarmanmn@xrea.com,Male,252.166.205.186
817,Bil,Barge,bbargemo@eventbrite.com,Male,237.135.180.242
818,Dionysus,Gossart,dgossartmp@hc360.com,Male,59.217.77.109
819,Morgun,Wickersham,mwickershammq@webnode.com,Male,81.165.93.252
820,Barde,Olifaunt,bolifauntmr@cam.ac.uk,Male,81.40.115.2
821,Kippie,Immings,kimmingsms@smh.com.au,Female,81.139.12.177
822,Bealle,Mackleden,bmackledenmt@reference.com,Male,12.112.119.118
823,Melitta,Fenny,mfennymu@bluehost.com,Female,70.191.70.30
824,Odell,Skahill,oskahillmv@e-recht24.de,Male,80.219.60.92
825,Donavon,Klampt,dklamptmw@howstuffworks.com,Male,125.183.244.204
826,Dosi,Arr,darrmx@state.gov,Female,224.161.45.140
827,Siana,Broadbear,sbroadbearmy@hud.gov,Female,119.110.169.47
828,Gibb,Morrid,gmorridmz@un.org,Male,209.210.113.126
829,Klaus,Leaton,kleatonn0@cbslocal.com,Male,45.149.104.39
830,Jessica,De Cruze,jdecruzen1@comsenz.com,Female,254.253.6.94
831,Paddie,Gumley,pgumleyn2@oracle.com,Male,175.133.165.134
832,Gert,Tomaino,gtomainon3@twitpic.com,Female,28.213.221.134
833,Micheal,Mullane,mmullanen4@techcrunch.com,Male,182.122.206.10
834,Sabina,Zapater,szapatern5@pinterest.com,Female,106.220.81.167
835,Lexis,Bockman,lbockmann6@wufoo.com,Female,24.166.62.142
836,Anna-maria,Dericot,adericotn7@dot.gov,Female,219.230.166.129
837,Den,Clemoes,dclemoesn8@photobucket.com,Male,164.59.193.149
838,Roy,Allchorn,rallchornn9@bravesites.com,Male,154.114.14.250
839,Melly,Salvage,msalvagena@vkontakte.ru,Female,115.63.34.246
840,Rube,Hurburt,rhurburtnb@feedburner.com,Male,116.129.183.79
841,Lory,Blazey,lblazeync@github.io,Female,93.130.240.45
842,Ashton,Blyden,ablydennd@goodreads.com,Male,146.60.160.37
843,Waldon,Dominetti,wdominettine@amazon.co.jp,Male,89.87.220.187
844,Katusha,Aymes,kaymesnf@constantcontact.com,Female,34.96.217.217
845,Nadiya,Betjeman,nbetjemanng@youku.com,Female,93.214.153.181
846,Reuben,Rablen,rrablennh@eepurl.com,Male,189.144.219.145
847,Carny,Mizzen,cmizzenni@godaddy.com,Male,8.25.181.5
848,Kassie,Hugonin,khugoninnj@youtu.be,Female,181.127.34.29
849,Retha,Stetlye,rstetlyenk@cnet.com,Female,112.8.3.156
850,Cy,Ashmole,cashmolenl@dmoz.org,Male,39.216.47.173
851,Letta,Hews,lhewsnm@google.it,Female,133.80.135.173
852,Laureen,Winmill,lwinmillnn@hud.gov,Female,16.59.217.129
853,Zeke,Otto,zottono@webeden.co.uk,Male,45.50.144.129
854,Natalina,Kemmons,nkemmonsnp@marriott.com,Female,135.98.86.222
855,Agatha,Hawford,ahawfordnq@themeforest.net,Female,252.16.205.20
856,Shayne,Haysom,shaysomnr@behance.net,Female,136.29.27.202
857,Francklin,Younger,fyoungerns@noaa.gov,Male,194.16.87.249
858,Cassie,Brumen,cbrumennt@gnu.org,Female,237.99.63.128
859,Lilias,Worman,lwormannu@boston.com,Female,88.96.237.255
860,Adrianna,Napper,anappernv@redcross.org,Female,205.109.160.101
861,Starlin,Frostick,sfrosticknw@army.mil,Female,44.109.72.158
862,Darya,Maccaddie,dmaccaddienx@businesswire.com,Female,173.160.5.233
863,Lonni,Sawood,lsawoodny@instagram.com,Female,218.15.160.137
864,Ahmad,Georgiev,ageorgievnz@sciencedaily.com,Male,205.204.95.253
865,Borg,MacGow,bmacgowo0@elegantthemes.com,Male,131.69.118.250
866,Daisey,Peppin,dpeppino1@instagram.com,Female,121.70.50.175
867,Prudy,Dabs,pdabso2@paypal.com,Female,223.43.227.141
868,Feliza,Slorach,fsloracho3@e-recht24.de,Female,247.54.29.88
869,Hatty,Montel,hmontelo4@nps.gov,Female,137.181.231.212
870,Carleton,Capineer,ccapineero5@wikimedia.org,Male,192.168.69.207
871,Merralee,Buckthorpe,mbuckthorpeo6@devhub.com,Female,124.30.252.187
872,Romeo,Style,rstyleo7@blogtalkradio.com,Male,139.190.235.144
873,Leonanie,Courcey,lcourceyo8@virginia.edu,Female,25.212.170.125
874,Marsh,Maffulli,mmaffullio9@state.gov,Male,11.218.174.7
875,Tim,Wardingley,twardingleyoa@stumbleupon.com,Female,133.108.197.148
876,Hatty,Lortz,hlortzob@theatlantic.com,Female,156.42.0.96
877,Margie,Lebond,mlebondoc@devhub.com,Female,170.169.56.124
878,Tynan,Goodband,tgoodbandod@blogtalkradio.com,Male,196.204.130.170
879,Bar,Crouch,bcrouchoe@hp.com,Male,53.109.145.115
880,Courtnay,Maginot,cmaginotof@mit.edu,Female,133.62.53.13
881,Reidar,Eberst,reberstog@webmd.com,Male,98.194.106.38
882,Ram,Robertz,rrobertzoh@xing.com,Male,180.150.169.70
883,Rafaelita,Jaine,rjaineoi@instagram.com,Female,111.190.112.233
884,Byran,Helian,bhelianoj@wix.com,Male,16.169.128.142
885,Kynthia,Marmion,kmarmionok@google.fr,Female,220.52.95.158
886,Nert,Lafaye,nlafayeol@dion.ne.jp,Female,41.31.57.146
887,Francyne,Colafate,fcolafateom@dedecms.com,Female,11.29.55.174
888,Almira,Van der Mark,avandermarkon@reference.com,Female,158.35.119.161
889,Terrie,Amaya,tamayaoo@tiny.cc,Female,200.117.19.101
890,Toby,Crolla,tcrollaop@sina.com.cn,Male,38.100.194.95
891,Julia,Illing,jillingoq@ning.com,Female,241.105.253.95
892,Aluino,Clementson,aclementsonor@google.com.br,Male,66.2.161.200
893,Clareta,Vignaux,cvignauxos@alibaba.com,Female,105.189.211.110
894,Dorthy,Footer,dfooterot@timesonline.co.uk,Female,4.254.217.59
895,Andres,Salla,asallaou@oracle.com,Male,90.129.22.18
896,Fidelity,Mattheissen,fmattheissenov@berkeley.edu,Female,37.102.182.195
897,Giacinta,Mounsey,gmounseyow@canalblog.com,Female,139.95.188.151
898,Dulcy,Pattenden,dpattendenox@woothemes.com,Female,243.245.39.166
899,Danella,Fonzone,dfonzoneoy@topsy.com,Female,89.60.128.168
900,Meridith,Whettleton,mwhettletonoz@huffingtonpost.com,Female,49.234.131.93
901,Cicily,MacRorie,cmacroriep0@loc.gov,Female,108.21.201.166
902,Aurelia,McGrail,amcgrailp1@businessweek.com,Female,95.0.209.135
903,Ediva,Feldhuhn,efeldhuhnp2@chicagotribune.com,Female,157.197.35.109
904,James,Dellenbach,jdellenbachp3@guardian.co.uk,Male,61.215.209.187
905,Karyn,Gudgen,kgudgenp4@weebly.com,Female,166.37.160.5
906,Chastity,Gosby,cgosbyp5@cnbc.com,Female,83.177.142.2
907,Josy,Sutworth,jsutworthp6@about.me,Female,240.175.65.38
908,Kasper,Moran,kmoranp7@shutterfly.com,Male,120.80.175.173
909,Wallie,Taplin,wtaplinp8@walmart.com,Male,108.34.69.199
910,Jasmine,Blewis,jblewisp9@google.it,Female,208.128.114.95
911,Bridie,Guilbert,bguilbertpa@samsung.com,Female,117.219.138.30
912,Andrus,Hawk,ahawkpb@altervista.org,Male,93.230.56.23
913,Sylvan,Pasek,spasekpc@google.ca,Male,144.38.124.85
914,Flossi,Bayfield,fbayfieldpd@w3.org,Female,184.43.190.33
915,Alfons,Belding,abeldingpe@freewebs.com,Male,42.9.43.179
916,Glori,McCleod,gmccleodpf@washingtonpost.com,Female,201.240.195.166
917,Dalt,Billam,dbillampg@timesonline.co.uk,Male,244.169.105.254
918,York,Kerrey,ykerreyph@free.fr,Male,249.248.225.206
919,Felix,Tooke,ftookepi@webmd.com,Male,234.98.74.97
920,Zacherie,Luciano,zlucianopj@berkeley.edu,Male,0.150.81.179
921,Tallie,Crosson,tcrossonpk@behance.net,Male,56.12.76.237
922,Easter,Pawling,epawlingpl@wikia.com,Female,184.161.110.183
923,Erma,Covely,ecovelypm@netlog.com,Female,165.0.41.16
924,Michal,Bissett,mbissettpn@time.com,Male,125.149.76.3
925,Nicolais,Worsam,nworsampo@t-online.de,Male,143.142.184.159
926,Aksel,Mapham,amaphampp@icq.com,Male,50.253.219.65
927,Godard,Hemphill,ghemphillpq@fc2.com,Male,179.33.206.159
928,Dreddy,Sunley,dsunleypr@archive.org,Female,192.198.139.215
929,Desdemona,Dell Casa,ddellcasaps@xinhuanet.com,Female,18.170.122.142
930,Fredi,Lambdon,flambdonpt@examiner.com,Female,147.44.55.65
931,Aron,Zellick,azellickpu@epa.gov,Male,202.67.150.77
932,Hedvig,Hazeldene,hhazeldenepv@foxnews.com,Female,208.13.247.82
933,Em,Sheekey,esheekeypw@opera.com,Female,132.234.235.62
934,Antonie,Darrington,adarringtonpx@theatlantic.com,Female,75.97.239.155
935,Frederick,Cowwell,fcowwellpy@liveinternet.ru,Male,51.150.10.124
936,Avictor,Pippin,apippinpz@gmpg.org,Male,128.179.165.28
937,Rayshell,Aslum,raslumq0@xrea.com,Female,136.10.162.83
938,Patty,Pittoli,ppittoliq1@parallels.com,Male,161.47.174.57
939,Anne-corinne,Hamshaw,ahamshawq2@xrea.com,Female,82.246.149.77
940,Garek,Gormally,ggormallyq3@posterous.com,Male,78.152.119.175
941,Tally,Charlon,tcharlonq4@theglobeandmail.com,Female,200.105.118.109
942,Dallis,Lamblot,dlamblotq5@sfgate.com,Male,203.19.107.160
943,Sargent,Dearn,sdearnq6@arizona.edu,Male,178.104.64.97
944,Aldric,Barnewille,abarnewilleq7@weebly.com,Male,146.46.127.73
945,Ignacio,Feirn,ifeirnq8@booking.com,Male,231.19.213.113
946,Cullen,Brewett,cbrewettq9@vimeo.com,Male,174.107.238.244
947,Joelle,Rubberts,jrubbertsqa@delicious.com,Female,123.86.100.4
948,Eliza,Joselovitch,ejoselovitchqb@tripadvisor.com,Female,38.110.15.224
949,Isa,Stanmer,istanmerqc@macromedia.com,Male,74.248.185.158
950,Tobie,Auton,tautonqd@scientificamerican.com,Male,156.194.152.44
951,Devon,Busst,dbusstqe@army.mil,Female,108.157.200.247
952,Tore,Thying,tthyingqf@gnu.org,Male,232.92.152.221
953,Odessa,Laban,olabanqg@latimes.com,Female,183.34.130.150
954,Louisette,Doerffer,ldoerfferqh@scientificamerican.com,Female,252.44.180.226
955,Beckie,Antonioni,bantonioniqi@ibm.com,Female,205.145.195.34
956,Dermot,Drinkhill,ddrinkhillqj@prlog.org,Male,224.68.185.38
957,Ulberto,Verlinde,uverlindeqk@intel.com,Male,144.33.240.142
958,Jay,Blanckley,jblanckleyql@istockphoto.com,Male,213.83.211.92
959,Issie,Sumpton,isumptonqm@huffingtonpost.com,Female,96.167.222.7
960,Isidora,Mitchelmore,imitchelmoreqn@diigo.com,Female,48.123.84.84
961,Frants,Aspell,faspellqo@weibo.com,Male,53.191.163.61
962,Arlan,Butt Gow,abuttgowqp@dagondesign.com,Male,176.122.90.223
963,Josiah,Hannond,jhannondqq@sbwire.com,Male,222.226.103.53
964,Harvey,Illem,hillemqr@wiley.com,Male,17.132.31.215
965,Stefanie,Patzelt,spatzeltqs@barnesandnoble.com,Female,143.179.67.230
966,Sunny,Peak,speakqt@163.com,Male,206.114.211.85
967,Falkner,Lace,flacequ@mac.com,Male,150.185.49.187
968,Allan,Beevor,abeevorqv@soundcloud.com,Male,6.210.221.28
969,Dorothy,Duchesne,dduchesneqw@forbes.com,Female,168.165.183.188
970,Leslie,Bruins,lbruinsqx@sfgate.com,Male,216.112.121.36
971,Rey,Poag,rpoagqy@ustream.tv,Female,99.211.187.20
972,Tim,Royste,troysteqz@java.com,Female,70.222.166.129
973,Reinhard,Dakhov,rdakhovr0@tinypic.com,Male,25.180.16.175
974,Lisha,Mullineux,lmullineuxr1@photobucket.com,Female,80.12.82.13
975,Ozzy,Bernetti,obernettir2@goo.gl,Male,90.161.183.173
976,Elihu,Stailey,estaileyr3@utexas.edu,Male,17.248.20.133
977,Randie,Sinncock,rsinncockr4@amazon.de,Male,102.181.85.164
978,Claiborn,Jantzen,cjantzenr5@blogs.com,Male,90.154.143.129
979,Korie,Glader,kgladerr6@cbc.ca,Female,230.78.126.222
980,Beryl,MacCracken,bmaccrackenr7@acquirethisname.com,Female,135.72.118.178
981,Eula,Oppie,eoppier8@meetup.com,Female,34.116.133.125
982,Felecia,Guiso,fguisor9@aol.com,Female,136.31.117.255
983,Curt,Waldie,cwaldiera@networksolutions.com,Male,61.221.111.226
984,Arthur,Armfirld,aarmfirldrb@sakura.ne.jp,Male,223.203.129.65
985,Janene,Ahren,jahrenrc@topsy.com,Female,79.67.236.172
986,Andras,Foxwell,afoxwellrd@independent.co.uk,Male,39.82.121.122
987,Hyman,McCrackan,hmccrackanre@imgur.com,Male,191.94.121.220
988,Luisa,Brierton,lbriertonrf@amazon.de,Female,201.180.141.174
989,Frances,Dell Casa,fdellcasarg@fc2.com,Female,42.66.33.99
990,Lillian,Lehrmann,llehrmannrh@ameblo.jp,Female,75.148.41.216
991,Sarah,McKim,smckimri@google.it,Female,81.98.101.255
992,Egan,Stanlack,estanlackrj@reverbnation.com,Male,106.0.48.44
993,Karmen,Clowton,kclowtonrk@sourceforge.net,Female,162.188.19.157
994,Krystal,Duham,kduhamrl@mozilla.org,Female,92.79.150.128
995,Matthiew,Barlow,mbarlowrm@booking.com,Male,69.139.192.130
996,Marlin,Rankin,mrankinrn@biblegateway.com,Male,93.123.206.105
997,Ardath,Hearle,ahearlero@geocities.jp,Female,176.204.47.76
998,Camilla,Eltone,celtonerp@tripod.com,Female,6.187.15.14
999,Wiatt,Butterfint,wbutterfintrq@clickbank.net,Male,170.118.100.134
1000,Hewie,Udell,hudellrr@weibo.com,Male,251.227.40.217
