id,first_name,last_name,email,gender,ip_address
1,Standford,Cornhill,scornhill0@taobao.com,Male,157.155.164.3
2,Sara,Chasles,schasles1@vkontakte.ru,Female,22.190.21.8
3,Giff,Donisi,gdonisi2@blogspot.com,Male,216.78.186.106
4,Ambrosi,Ablitt,aablitt3@blogs.com,Male,138.195.43.163
5,Adina,Le Grice,alegrice4@reverbnation.com,Female,98.128.58.194
6,Kelvin,Lagden,klagden5@drupal.org,Male,209.177.7.192
7,Ivy,Tezure,itezure6@baidu.com,Female,253.178.126.34
8,Derby,Durram,ddurram7@google.com.au,Male,239.248.140.244
9,Basilio,Antonowicz,bantonowicz8@google.pl,Male,177.106.150.136
10,Bamby,Windham,bwindham9@gizmodo.com,Female,87.94.215.178
11,Euphemia,Bernot,ebernota@pinterest.com,Female,182.92.62.20
12,Hyacinthe,Grindell,hgrindellb@bloomberg.com,Female,206.245.73.252
13,Hedwiga,Carah,hcarahc@amazon.com,Female,250.81.10.39
14,Kirby,Rapa,krapad@google.it,Male,230.219.149.56
15,Cedric,Lancastle,clancastlee@t.co,Male,58.222.38.133
16,Timothy,Shackle,tshacklef@mapquest.com,Male,10.6.6.255
17,Salim,Denis,sdenisg@google.pl,Male,97.44.167.125
18,Eldredge,Redborn,eredbornh@netvibes.com,Male,118.203.194.205
19,Hernando,McGinnell,hmcginnelli@cpanel.net,Male,243.146.24.111
20,Lottie,Brownlow,lbrownlowj@flickr.com,Female,69.98.213.17
21,Garfield,Manie,gmaniek@hugedomains.com,Male,236.96.245.49
22,Norah,Waddell,nwaddelll@wunderground.com,Female,225.133.49.54
23,Morey,Andrat,mandratm@blinklist.com,Male,197.45.113.3
24,Cloris,Lutz,clutzn@dailymotion.com,Female,164.158.157.55
25,Ginelle,Corke,gcorkeo@google.pl,Female,147.61.81.157
26,Warden,Sugars,wsugarsp@about.me,Male,184.37.228.215
27,Etheline,Kestle,ekestleq@flavors.me,Female,159.81.24.109
28,Latia,Badwick,lbadwickr@google.nl,Female,92.200.18.234
29,Timofei,Binks,tbinkss@mashable.com,Male,4.53.80.94
30,Ranna,Stanluck,rstanluckt@moonfruit.com,Female,202.75.150.79
31,Herman,Gooder,hgooderu@admin.ch,Male,59.239.215.72
32,Gaby,Fitt,gfittv@constantcontact.com,Male,30.205.146.253
33,Estrellita,Maggiore,emaggiorew@home.pl,Female,117.44.21.60
34,Mischa,Lockwood,mlockwoodx@xrea.com,Male,29.231.183.210
35,Carlene,Bezzant,cbezzanty@loc.gov,Female,164.20.81.93
36,Aldin,O' Mulderrig,aomulderrigz@4shared.com,Male,86.197.202.52
37,Derwin,Muffett,dmuffett10@webeden.co.uk,Male,112.204.142.30
38,Goldi,Bullon,gbullon11@whitehouse.gov,Female,205.26.167.153
39,Uriel,Oleshunin,uoleshunin12@cornell.edu,Male,53.171.231.88
40,Ive,L'Episcopio,ilepiscopio13@com.com,Male,237.131.66.129
41,Faydra,Mosedall,fmosedall14@php.net,Female,100.12.18.108
42,Bay,Blagburn,bblagburn15@cdc.gov,Male,43.94.67.11
43,Felecia,Lathee,flathee16@w3.org,Female,247.234.12.43
44,Jackelyn,Hylden,jhylden17@abc.net.au,Female,158.209.42.95
45,Ulrick,Bamber,ubamber18@weibo.com,Male,96.206.48.120
46,Donielle,Raddan,draddan19@wix.com,Female,223.71.86.80
47,Beverley,Kett,bkett1a@salon.com,Female,125.230.142.159
48,Padraic,Zanassi,pzanassi1b@bing.com,Male,73.143.40.176
49,Waiter,Rustan,wrustan1c@ask.com,Male,142.189.9.250
50,Camille,Brickell,cbrickell1d@parallels.com,Female,159.99.21.229
51,Carly,Quantick,cquantick1e@cbc.ca,Male,225.202.36.56
52,Amata,Roake,aroake1f@reddit.com,Female,181.154.220.179
53,Mendel,Feirn,mfeirn1g@npr.org,Male,64.220.154.94
54,Byram,Swinerd,bswinerd1h@weibo.com,Male,223.247.70.3
55,Ced,Leyburn,cleyburn1i@xrea.com,Male,174.107.2.132
56,Gal,Deaconson,gdeaconson1j@360.cn,Male,114.120.178.190
57,Phillis,Diggles,pdiggles1k@opensource.org,Female,27.46.86.131
58,Delphine,Gooden,dgooden1l@hc360.com,Female,74.47.119.16
59,Corrie,Stubbes,cstubbes1m@oracle.com,Male,97.24.118.114
60,Joly,Espada,jespada1n@jiathis.com,Female,137.221.39.33
61,Ashly,Garlee,agarlee1o@google.co.jp,Female,16.36.150.115
62,Goraud,Stracey,gstracey1p@example.com,Male,232.207.128.233
63,Priscella,Thiolier,pthiolier1q@va.gov,Female,125.169.146.231
64,Agnesse,Philipard,aphilipard1r@boston.com,Female,185.11.245.244
65,Omero,Keyho,okeyho1s@e-recht24.de,Male,49.199.53.161
66,Maison,Pavett,mpavett1t@tripod.com,Male,219.81.250.215
67,Sibilla,Fulle,sfulle1u@ftc.gov,Female,46.252.53.32
68,Elianore,Junes,ejunes1v@prnewswire.com,Female,231.161.115.213
69,Chandal,Redmell,credmell1w@reference.com,Female,45.234.14.179
70,Darrell,Pedro,dpedro1x@salon.com,Male,183.176.105.137
71,Mada,Adamec,madamec1y@exblog.jp,Female,115.98.105.25
72,Kitty,Josefovic,kjosefovic1z@webeden.co.uk,Female,220.168.137.186
73,Zaccaria,Grantham,zgrantham20@uol.com.br,Male,31.11.31.108
74,Dal,Wimpeney,dwimpeney21@friendfeed.com,Male,88.239.122.205
75,Krisha,Moyler,kmoyler22@cafepress.com,Male,130.210.0.188
76,Giselbert,Eagles,geagles23@ovh.net,Male,108.166.162.117
77,Wolfie,Reedshaw,wreedshaw24@cnn.com,Male,28.77.77.242
78,Talia,Crellim,tcrellim25@comcast.net,Female,41.168.26.185
79,Alphonso,Roll,aroll26@berkeley.edu,Male,65.193.86.199
80,Brendin,Dellenbrok,bdellenbrok27@examiner.com,Male,254.170.171.57
81,Billie,Tevelov,btevelov28@devhub.com,Female,228.199.116.18
82,Johnathon,Ianetti,jianetti29@biblegateway.com,Male,83.132.146.176
83,Adriano,Maddigan,amaddigan2a@cyberchimps.com,Male,55.42.22.171
84,Gabie,Bartol,gbartol2b@dot.gov,Male,188.86.76.163
85,Cristie,Fookes,cfookes2c@themeforest.net,Female,147.154.12.135
86,Riane,Tesoe,rtesoe2d@nymag.com,Female,39.78.90.171
87,Harli,Cansdill,hcansdill2e@wired.com,Female,164.22.133.71
88,Ella,Janney,ejanney2f@xrea.com,Female,94.105.238.239
89,Fidole,Readings,freadings2g@squarespace.com,Male,112.72.248.55
90,Eadie,Clutten,eclutten2h@mozilla.com,Female,90.14.106.225
91,Josee,Keyser,jkeyser2i@google.com.br,Female,131.46.207.216
92,Nicolai,Ferrarini,nferrarini2j@psu.edu,Male,7.188.27.239
93,Julio,Gascar,jgascar2k@utexas.edu,Male,90.156.133.45
94,Vinnie,Youll,vyoull2l@senate.gov,Female,106.235.61.107
95,Raphaela,MacDearmid,rmacdearmid2m@arstechnica.com,Female,123.111.170.46
96,Cristiano,Prisley,cprisley2n@istockphoto.com,Male,96.159.53.96
97,Alana,Zorzin,azorzin2o@wunderground.com,Female,125.224.8.200
98,Nora,Fogg,nfogg2p@cdbaby.com,Female,159.67.86.229
99,Kingsley,Owthwaite,kowthwaite2q@senate.gov,Male,233.58.39.93
100,Daniele,Arpino,darpino2r@tuttocitta.it,Female,193.61.30.200
101,Tommy,Nussen,tnussen2s@istockphoto.com,Male,98.243.13.16
102,Ade,Bullick,abullick2t@friendfeed.com,Male,1.236.206.211
103,Juliane,Lines,jlines2u@quantcast.com,Female,73.191.116.115
104,Corine,Ferronet,cferronet2v@fda.gov,Female,76.216.127.0
105,Lyell,Kielt,lkielt2w@loc.gov,Male,87.101.127.251
106,Denney,Wolledge,dwolledge2x@yahoo.co.jp,Male,216.230.113.148
107,Galina,Brentnall,gbrentnall2y@cnn.com,Female,136.124.68.80
108,Miquela,Guerreau,mguerreau2z@umich.edu,Female,126.70.3.109
109,Aristotle,Pinckard,apinckard30@tripod.com,Male,33.172.50.218
110,Delphine,Casini,dcasini31@mozilla.com,Female,254.214.205.58
111,Marietta,Scogin,mscogin32@upenn.edu,Male,197.61.54.153
112,Dorothee,Jaggers,djaggers33@zimbio.com,Female,175.78.11.200
113,Mickey,Mungane,mmungane34@apple.com,Male,244.29.130.174
114,Tobias,Forestall,tforestall35@telegraph.co.uk,Male,2.71.9.60
115,Rheta,Toffanini,rtoffanini36@toplist.cz,Female,12.156.122.80
116,Tani,Jewel,tjewel37@ow.ly,Female,197.9.160.165
117,Aloise,Raikes,araikes38@google.co.uk,Female,182.67.74.34
118,Penelope,Sugar,psugar39@imdb.com,Female,184.137.79.79
119,Elihu,McPeeters,emcpeeters3a@sina.com.cn,Male,110.79.175.156
120,Deloris,Dearth,ddearth3b@reddit.com,Female,165.77.229.233
121,Kiersten,Colborn,kcolborn3c@ehow.com,Female,45.28.5.180
122,Clevey,Turpin,cturpin3d@squarespace.com,Male,255.135.199.105
123,Cleve,Twist,ctwist3e@com.com,Male,186.1.101.219
124,Linell,Sporton,lsporton3f@toplist.cz,Female,181.144.81.109
125,Linda,Hulkes,lhulkes3g@europa.eu,Female,151.118.235.191
126,Hunter,Cicchillo,hcicchillo3h@accuweather.com,Male,3.137.137.168
127,Jilli,Gogie,jgogie3i@yelp.com,Female,156.77.20.219
128,Luis,Goult,lgoult3j@si.edu,Male,218.172.72.156
129,Xylia,Ivic,xivic3k@miitbeian.gov.cn,Female,71.203.28.129
130,Wally,Slarke,wslarke3l@nasa.gov,Male,219.96.129.89
131,Karlotta,Heed,kheed3m@nymag.com,Female,49.199.216.111
132,Bent,Gillogley,bgillogley3n@buzzfeed.com,Male,226.227.125.145
133,Carmela,Laba,claba3o@statcounter.com,Female,102.102.51.186
134,Elenore,Truse,etruse3p@cpanel.net,Female,125.118.216.153
135,Read,Havvock,rhavvock3q@ebay.com,Male,131.64.171.230
136,Dominique,Corpes,dcorpes3r@cbslocal.com,Male,61.80.57.203
137,Nevile,MacCumeskey,nmaccumeskey3s@uol.com.br,Male,36.219.74.106
138,Brittan,Dixson,bdixson3t@flickr.com,Female,128.209.5.226
139,Aubine,Kirke,akirke3u@squarespace.com,Female,2.46.161.146
140,Obie,Ranyard,oranyard3v@fema.gov,Male,55.8.201.4
141,Ulrikaumeko,Kevane,ukevane3w@de.vu,Female,158.161.110.107
142,Sula,Melville,smelville3x@cpanel.net,Female,94.206.20.10
143,Lesly,Blinco,lblinco3y@irs.gov,Female,122.147.247.39
144,Kincaid,Crighton,kcrighton3z@china.com.cn,Male,26.105.85.79
145,Gabrila,Avison,gavison40@reverbnation.com,Female,187.115.83.112
146,Auria,Edelheit,aedelheit41@mozilla.org,Female,234.136.241.19
147,Dulcy,Ciotti,dciotti42@npr.org,Female,63.76.74.144
148,Alfredo,Queyeiro,aqueyeiro43@vk.com,Male,68.191.147.65
149,Humberto,Pershouse,hpershouse44@dailymail.co.uk,Male,91.157.170.11
150,Erena,Mebes,emebes45@amazonaws.com,Female,184.234.193.226
151,Arlyn,Lowes,alowes46@bloglovin.com,Female,164.21.239.31
152,Isidoro,Billington,ibillington47@who.int,Male,89.106.224.138
153,Walker,Fallowfield,wfallowfield48@typepad.com,Male,231.234.248.225
154,Reuven,Mickleborough,rmickleborough49@github.io,Male,205.175.185.192
155,Licha,Linster,llinster4a@census.gov,Female,18.238.89.211
156,Jacquette,Pavia,jpavia4b@youku.com,Female,83.154.22.196
157,Jessalin,Giff,jgiff4c@de.vu,Female,31.243.3.213
158,Cammi,Depka,cdepka4d@miibeian.gov.cn,Female,176.55.17.128
159,Elsi,Brahm,ebrahm4e@google.nl,Female,177.193.169.216
160,Valene,Klemke,vklemke4f@go.com,Female,213.109.198.216
161,Rosette,Lewendon,rlewendon4g@whitehouse.gov,Female,185.7.129.166
162,Prudence,Clay,pclay4h@php.net,Female,248.96.224.234
163,Loren,Trowsdall,ltrowsdall4i@shutterfly.com,Female,3.223.249.92
164,Annadiana,Warmisham,awarmisham4j@businessweek.com,Female,35.50.99.223
165,Darius,Sleightholme,dsleightholme4k@usa.gov,Male,97.134.207.20
166,Jolee,Ellwell,jellwell4l@tiny.cc,Female,155.162.7.74
167,Jolie,Rodge,jrodge4m@yahoo.co.jp,Female,78.25.54.143
168,Barn,Faill,bfaill4n@usgs.gov,Male,200.152.34.62
169,Glynnis,Kitchaside,gkitchaside4o@pagesperso-orange.fr,Female,38.248.81.21
170,Loy,Tertre,ltertre4p@timesonline.co.uk,Male,42.192.169.193
171,Edward,Hebbard,ehebbard4q@yahoo.co.jp,Male,161.224.241.99
172,Fedora,Girodier,fgirodier4r@businessweek.com,Female,134.237.158.199
173,Gerladina,Abrahmer,gabrahmer4s@thetimes.co.uk,Female,108.113.243.244
174,Rayna,Brade,rbrade4t@gnu.org,Female,209.129.212.242
175,Dore,Flegg,dflegg4u@smugmug.com,Female,71.254.170.9
176,Sharleen,Blaney,sblaney4v@example.com,Female,161.25.227.101
177,Fitz,Phateplace,fphateplace4w@naver.com,Male,199.44.228.161
178,Bealle,Benedicte,bbenedicte4x@ed.gov,Male,242.153.150.3
179,Xenos,Helleker,xhelleker4y@accuweather.com,Male,178.95.87.89
180,Bidget,Brattan,bbrattan4z@wordpress.com,Female,54.5.59.205
181,Inigo,Ruck,iruck50@go.com,Male,32.112.42.130
182,Alejandrina,Wolstencroft,awolstencroft51@squidoo.com,Female,166.135.214.130
183,Reynard,Tinker,rtinker52@cdc.gov,Male,19.82.13.23
184,Mickey,Foffano,mfoffano53@xinhuanet.com,Male,52.245.122.232
185,Zollie,Carlet,zcarlet54@ucoz.ru,Male,192.122.80.103
186,Hartwell,Jaram,hjaram55@cmu.edu,Male,120.168.166.138
187,Hinda,O'Cooney,hocooney56@cnet.com,Female,218.209.228.125
188,Mitch,Christiensen,mchristiensen57@imageshack.us,Male,71.137.81.24
189,Lonni,Rhoddie,lrhoddie58@nymag.com,Female,148.88.244.219
190,Toby,Tommasetti,ttommasetti59@flickr.com,Male,175.158.138.195
191,Sybil,Heisman,sheisman5a@nytimes.com,Female,210.31.148.203
192,Geoffrey,Peinke,gpeinke5b@xinhuanet.com,Male,38.228.184.86
193,Frederique,Balcock,fbalcock5c@google.fr,Female,82.11.97.176
194,Gibbie,Itzakson,gitzakson5d@mozilla.com,Male,73.8.166.68
195,Jozef,Rowlinson,jrowlinson5e@intel.com,Male,22.58.106.86
196,Clare,Adao,cadao5f@yellowpages.com,Female,167.230.33.171
197,Athene,Matthai,amatthai5g@ebay.co.uk,Female,161.172.240.202
198,Norry,Crellin,ncrellin5h@so-net.ne.jp,Female,110.176.176.202
199,Chrystel,Parade,cparade5i@dagondesign.com,Female,62.53.189.64
200,Larissa,Cridlan,lcridlan5j@prnewswire.com,Female,13.182.76.30
201,Hirsch,Hiscocks,hhiscocks5k@amazonaws.com,Male,140.251.173.98
202,Denney,Sherlock,dsherlock5l@tripadvisor.com,Male,26.91.89.250
203,Mae,Cabell,mcabell5m@businessweek.com,Female,236.22.125.238
204,Marylin,Poore,mpoore5n@godaddy.com,Female,34.39.0.108
205,Gawen,Sorrie,gsorrie5o@virginia.edu,Male,2.34.60.93
206,Josephina,O'Lenane,jolenane5p@earthlink.net,Female,68.113.211.223
207,Dud,Lander,dlander5q@rambler.ru,Male,200.112.43.122
208,Sidonnie,Duke,sduke5r@photobucket.com,Female,19.73.38.203
209,Osborn,Ronci,oronci5s@booking.com,Male,65.139.85.146
210,Hyacintha,Costellow,hcostellow5t@time.com,Female,196.136.192.223
211,Dosi,Corballis,dcorballis5u@lulu.com,Female,1.90.145.162
212,Mar,Tumini,mtumini5v@yandex.ru,Male,40.221.150.222
213,Kip,Geldard,kgeldard5w@redcross.org,Female,90.69.15.236
214,Faunie,Silwood,fsilwood5x@bbc.co.uk,Female,132.186.167.202
215,Harlie,Gretham,hgretham5y@arstechnica.com,Female,70.128.7.236
216,Eugenia,Bilsborrow,ebilsborrow5z@baidu.com,Female,249.142.184.248
217,Nadean,Mirams,nmirams60@mlb.com,Female,234.123.68.236
218,Dorie,Armall,darmall61@apple.com,Female,201.73.192.126
219,Sunny,Collibear,scollibear62@epa.gov,Female,201.41.173.178
220,Glenden,Bedder,gbedder63@slashdot.org,Male,41.23.107.99
221,Letty,Meriott,lmeriott64@howstuffworks.com,Female,8.166.118.123
222,Herby,Guidoni,hguidoni65@unesco.org,Male,150.103.186.46
223,Adore,Ollie,aollie66@army.mil,Female,1.21.86.214
224,Pail,Attwooll,pattwooll67@theguardian.com,Male,28.112.43.23
225,Pat,Seak,pseak68@webs.com,Male,36.39.70.254
226,Averil,Langcaster,alangcaster69@ezinearticles.com,Female,126.251.30.163
227,Decca,Petrou,dpetrou6a@vinaora.com,Male,91.119.231.75
228,Zoe,Cuzen,zcuzen6b@home.pl,Female,105.169.223.250
229,Terence,Meininking,tmeininking6c@slideshare.net,Male,127.74.170.242
230,Elihu,Neighbour,eneighbour6d@freewebs.com,Male,232.106.92.173
231,Kacie,Gobel,kgobel6e@rakuten.co.jp,Female,150.181.16.185
232,Starlene,Fortie,sfortie6f@shareasale.com,Female,103.231.226.127
233,Huntley,Artingstall,hartingstall6g@miibeian.gov.cn,Male,147.235.20.165
234,Torrie,Brocks,tbrocks6h@photobucket.com,Female,58.92.221.52
235,Aland,Pennock,apennock6i@freewebs.com,Male,34.106.183.232
236,Allx,Hagan,ahagan6j@virginia.edu,Female,159.106.77.234
237,Billy,Mangeot,bmangeot6k@dropbox.com,Female,16.125.223.205
238,Rodney,Bow,rbow6l@twitter.com,Male,106.26.132.25
239,August,Braikenridge,abraikenridge6m@flickr.com,Male,88.245.60.65
240,Quintina,Gravy,qgravy6n@tripadvisor.com,Female,125.246.103.89
241,Ashton,Grishaev,agrishaev6o@virginia.edu,Male,194.124.82.206
242,Oralia,Georgiev,ogeorgiev6p@rediff.com,Female,127.177.229.157
243,Kore,Maffione,kmaffione6q@umn.edu,Female,139.117.225.254
244,Gilemette,Antonognoli,gantonognoli6r@studiopress.com,Female,149.18.241.104
245,Rayner,Kingsmill,rkingsmill6s@berkeley.edu,Male,49.104.82.232
246,Melania,Tampin,mtampin6t@soundcloud.com,Female,201.113.228.12
247,Barrett,MacNeilly,bmacneilly6u@apple.com,Male,213.180.24.118
248,Fredrick,Palmar,fpalmar6v@google.com.au,Male,168.63.172.119
249,Sterne,Breakey,sbreakey6w@blogtalkradio.com,Male,119.19.152.163
250,Cece,Lelande,clelande6x@google.fr,Male,240.212.25.18
251,Louisa,Schrieves,lschrieves6y@si.edu,Female,45.223.8.127
252,Enoch,Witcherley,ewitcherley6z@china.com.cn,Male,88.242.223.107
253,Nora,Stolli,nstolli70@si.edu,Female,105.220.161.56
254,Sheryl,Cicchitello,scicchitello71@nyu.edu,Female,194.185.106.109
255,Lebbie,Lafont,llafont72@bigcartel.com,Female,141.175.187.69
256,Meyer,Pavlitschek,mpavlitschek73@cloudflare.com,Male,20.114.67.41
257,Francklyn,Nanninini,fnanninini74@diigo.com,Male,104.207.135.51
258,Sam,Attril,sattril75@whitehouse.gov,Male,77.55.14.10
259,Annette,Dalby,adalby76@51.la,Female,63.14.106.168
260,Amy,Shillaker,ashillaker77@spiegel.de,Female,182.112.102.5
261,Rennie,Olfert,rolfert78@xinhuanet.com,Female,127.55.211.118
262,Florry,Coldwell,fcoldwell79@illinois.edu,Female,206.8.130.48
263,Thomasin,Bosche,tbosche7a@liveinternet.ru,Female,28.251.28.218
264,Carina,Andreopolos,candreopolos7b@youtube.com,Female,51.112.112.107
265,Cyrillus,Morison,cmorison7c@oaic.gov.au,Male,137.150.71.77
266,Levi,McLarty,lmclarty7d@paypal.com,Male,190.112.45.132
267,Drona,Wynrahame,dwynrahame7e@trellian.com,Female,27.131.139.247
268,Johnath,Dochon,jdochon7f@tiny.cc,Female,240.193.247.23
269,Tomlin,Humber,thumber7g@usda.gov,Male,217.126.25.72
270,Montague,Wastall,mwastall7h@wikia.com,Male,203.123.155.209
271,Kathryn,O'Carroll,kocarroll7i@studiopress.com,Female,90.92.215.65
272,Joey,Penquet,jpenquet7j@123-reg.co.uk,Male,226.26.130.120
273,Raddie,Kures,rkures7k@odnoklassniki.ru,Male,142.177.41.234
274,Maddy,O'Doohaine,modoohaine7l@pbs.org,Female,195.7.124.157
275,Agustin,Knotton,aknotton7m@webnode.com,Male,4.60.197.133
276,Larry,Murby,lmurby7n@omniture.com,Male,140.93.155.161
277,Florry,Jovicevic,fjovicevic7o@squidoo.com,Female,145.157.207.104
278,Freddy,Valens-Smith,fvalenssmith7p@twitpic.com,Female,200.135.120.134
279,Patrice,Goodbairn,pgoodbairn7q@last.fm,Female,192.119.88.35
280,Rosana,Deery,rdeery7r@nps.gov,Female,82.227.93.93
281,Felicdad,Menchenton,fmenchenton7s@4shared.com,Female,46.115.48.163
282,Derril,McAlinden,dmcalinden7t@vkontakte.ru,Male,47.58.147.202
283,Stuart,Purton,spurton7u@nifty.com,Male,95.51.177.187
284,Eilis,Hove,ehove7v@devhub.com,Female,90.28.81.164
285,Taylor,McWhan,tmcwhan7w@nationalgeographic.com,Male,44.88.220.224
286,Clayton,Naulty,cnaulty7x@ameblo.jp,Male,236.250.72.36
287,Marisa,Flacke,mflacke7y@pinterest.com,Female,161.181.124.48
288,Binny,Wynn,bwynn7z@youku.com,Female,195.204.12.216
289,Toddy,Croneen,tcroneen80@etsy.com,Male,167.193.226.16
290,Umberto,McKenzie,umckenzie81@chicagotribune.com,Male,59.222.231.162
291,Gav,Pattini,gpattini82@yolasite.com,Male,88.252.25.201
292,Tracy,Ridout,tridout83@goodreads.com,Male,203.213.38.32
293,Jammal,Jeenes,jjeenes84@biglobe.ne.jp,Male,201.127.156.75
294,Chauncey,Newlove,cnewlove85@t.co,Male,168.121.173.170
295,Laurent,Gainseford,lgainseford86@drupal.org,Male,203.60.207.224
296,Dylan,Jaume,djaume87@creativecommons.org,Male,250.69.124.231
297,Lenore,Seivertsen,lseivertsen88@mozilla.com,Female,202.156.5.188
298,Ashlan,Alsobrook,aalsobrook89@hp.com,Female,77.136.214.58
299,Minerva,Losseljong,mlosseljong8a@typepad.com,Female,17.73.169.126
300,Grange,Bernadot,gbernadot8b@ucla.edu,Male,104.244.124.41
301,Camel,Burgne,cburgne8c@utexas.edu,Female,125.129.214.181
302,Sanders,Chamberlaine,schamberlaine8d@clickbank.net,Male,139.181.71.78
303,Harmony,Sawbridge,hsawbridge8e@msu.edu,Female,38.234.71.128
304,Ally,Bullerwell,abullerwell8f@wisc.edu,Female,12.91.152.122
305,Dorris,Demongeot,ddemongeot8g@people.com.cn,Female,162.151.136.133
306,Harriet,Lindeman,hlindeman8h@addtoany.com,Female,155.206.7.103
307,Bale,Melbert,bmelbert8i@unesco.org,Male,195.149.91.90
308,Patten,Sked,psked8j@pcworld.com,Male,99.234.190.109
309,Rance,Hillum,rhillum8k@tamu.edu,Male,141.198.188.34
310,Liuka,Cleghorn,lcleghorn8l@dot.gov,Female,254.33.3.177
311,Meaghan,Livingston,mlivingston8m@devhub.com,Female,104.56.102.168
312,Jordan,Shorto,jshorto8n@printfriendly.com,Male,68.13.149.178
313,Judas,Courcey,jcourcey8o@uiuc.edu,Male,127.37.106.98
314,Rodolfo,Flaubert,rflaubert8p@blog.com,Male,128.247.158.24
315,Elvyn,Nathon,enathon8q@4shared.com,Male,10.78.44.61
316,Guido,Bissell,gbissell8r@plala.or.jp,Male,102.45.142.117
317,Justinn,Stapforth,jstapforth8s@vkontakte.ru,Female,168.254.203.24
318,Janeen,Heilds,jheilds8t@umn.edu,Female,213.182.123.42
319,Renell,Nelmes,rnelmes8u@senate.gov,Female,109.152.116.112
320,Tiler,Simpson,tsimpson8v@ucoz.com,Male,123.178.143.9
321,Isidro,Raffles,iraffles8w@wordpress.com,Male,174.232.221.84
322,Minda,Ziemen,mziemen8x@reference.com,Female,142.61.97.59
323,Annis,Bardwall,abardwall8y@quantcast.com,Female,79.212.212.183
324,Corbie,Lyven,clyven8z@spiegel.de,Male,194.86.97.196
325,Osbourne,Wratten,owratten90@hugedomains.com,Male,26.252.152.26
326,Barnaby,Wherrett,bwherrett91@microsoft.com,Male,148.118.135.137
327,Alexandr,Acklands,aacklands92@tamu.edu,Male,224.187.6.221
328,Winna,Beevor,wbeevor93@devhub.com,Female,242.193.23.243
329,Ole,Magrannell,omagrannell94@nps.gov,Male,237.218.87.107
330,Renaud,Janczak,rjanczak95@ezinearticles.com,Male,184.205.213.205
331,Alfie,Dorcey,adorcey96@seattletimes.com,Female,102.176.98.63
332,Yale,Zannotelli,yzannotelli97@furl.net,Male,217.208.54.55
333,Malchy,Calbrathe,mcalbrathe98@icq.com,Male,77.150.147.86
334,Stinky,Burkett,sburkett99@craigslist.org,Male,193.75.249.171
335,Camellia,Oddy,coddy9a@tinyurl.com,Female,184.47.138.73
336,Nicky,Marshalleck,nmarshalleck9b@usgs.gov,Female,43.127.99.78
337,Cristiano,Ellsom,cellsom9c@parallels.com,Male,231.216.35.43
338,Mel,Theuss,mtheuss9d@princeton.edu,Female,241.84.196.206
339,Gerard,Morigan,gmorigan9e@businessweek.com,Male,153.36.77.22
340,Anthea,Eddolls,aeddolls9f@amazon.co.uk,Female,210.127.131.53
341,Samara,Rendall,srendall9g@tumblr.com,Female,106.11.96.90
342,Jasun,Blofield,jblofield9h@google.nl,Male,235.0.84.186
343,Greggory,Yukhnev,gyukhnev9i@storify.com,Male,233.8.149.215
344,Lin,Sparshatt,lsparshatt9j@biblegateway.com,Male,131.255.216.166
345,Bertie,Stonman,bstonman9k@google.nl,Male,168.128.178.117
346,Teirtza,Cammoile,tcammoile9l@yahoo.co.jp,Female,18.223.141.6
347,Thalia,Jeannenet,tjeannenet9m@creativecommons.org,Female,88.233.52.40
348,Anastasia,MacCole,amaccole9n@smugmug.com,Female,66.141.225.91
349,Marci,Trymme,mtrymme9o@chron.com,Female,255.35.78.218
350,Torrey,Gudgin,tgudgin9p@vkontakte.ru,Male,5.51.23.29
351,Tracey,Barkway,tbarkway9q@multiply.com,Female,246.245.92.89
352,Crichton,Kiwitz,ckiwitz9r@phpbb.com,Male,90.93.242.28
353,Waldon,Jarmain,wjarmain9s@mediafire.com,Male,181.181.193.177
354,Lutero,Asey,lasey9t@mail.ru,Male,251.149.188.196
355,Courtenay,Masterton,cmasterton9u@weather.com,Female,150.234.118.6
356,Reidar,Privett,rprivett9v@fotki.com,Male,57.130.244.168
357,Cyb,Jaqueme,cjaqueme9w@google.co.uk,Female,234.42.153.235
358,Lanae,Hatcliffe,lhatcliffe9x@ibm.com,Female,14.60.97.118
359,Orren,Riddell,oriddell9y@technorati.com,Male,99.140.157.9
360,Hallie,Lesper,hlesper9z@businessweek.com,Female,136.117.211.60
361,Cherin,Prichard,cpricharda0@slideshare.net,Female,176.125.185.200
362,Alla,Keenor,akeenora1@google.pl,Female,163.78.82.247
363,Travis,Causley,tcausleya2@scientificamerican.com,Male,139.115.213.174
364,Fawne,Chave,fchavea3@gravatar.com,Female,48.123.213.34
365,Giff,Clegg,gclegga4@clickbank.net,Male,182.135.0.240
366,Estele,Agerskow,eagerskowa5@123-reg.co.uk,Female,143.199.144.162
367,Melamie,Arntzen,marntzena6@archive.org,Female,61.102.103.198
368,Isacco,Devanney,idevanneya7@studiopress.com,Male,3.146.64.68
369,Karly,Eymer,keymera8@slashdot.org,Female,8.170.26.141
370,Paten,Renshall,prenshalla9@cpanel.net,Male,166.252.159.102
371,Betteanne,Woofinden,bwoofindenaa@army.mil,Female,5.60.89.29
372,Taddeusz,Jowitt,tjowittab@ycombinator.com,Male,151.50.60.106
373,Phil,McEttigen,pmcettigenac@cnn.com,Female,120.61.180.198
374,Doug,McInerney,dmcinerneyad@sogou.com,Male,190.48.202.13
375,Marylee,Airds,mairdsae@webnode.com,Female,245.167.116.223
376,Any,McKeurtan,amckeurtanaf@homestead.com,Male,111.105.148.103
377,Kay,Wethers,kwethersag@ox.ac.uk,Female,196.122.22.223
378,Van,Bottle,vbottleah@globo.com,Male,254.108.145.241
379,Emmy,Gawith,egawithai@ucoz.ru,Female,32.108.128.184
380,Micky,Stelle,mstelleaj@redcross.org,Female,82.119.69.104
381,Horace,Lamberteschi,hlamberteschiak@sciencedirect.com,Male,209.57.22.59
382,Barbara-anne,Velti,bveltial@myspace.com,Female,28.19.194.165
383,Zonnya,Baily,zbailyam@nhs.uk,Female,148.3.84.217
384,Mathe,Haskur,mhaskuran@altervista.org,Male,70.99.74.175
385,Al,Glasgow,aglasgowao@list-manage.com,Male,43.198.123.102
386,Obediah,Dell'Abbate,odellabbateap@intel.com,Male,141.21.43.162
387,Yanaton,Barkley,ybarkleyaq@ebay.co.uk,Male,95.78.36.137
388,Maggy,Sandaver,msandaverar@shop-pro.jp,Female,196.169.24.89
389,Alena,Slimmon,aslimmonas@bing.com,Female,92.245.46.56
390,Penn,Yukhnevich,pyukhnevichat@blogger.com,Male,139.208.28.9
391,Edwin,Marcoolyn,emarcoolynau@bloglines.com,Male,149.179.86.224
392,Franky,Dumberrill,fdumberrillav@deviantart.com,Male,94.217.225.163
393,Mackenzie,Souza,msouzaaw@printfriendly.com,Male,217.239.193.143
394,Clifford,Rentoll,crentollax@privacy.gov.au,Male,161.88.217.132
395,Putnem,Salle,psalleay@cafepress.com,Male,138.152.80.238
396,Alma,Aries,aariesaz@cargocollective.com,Female,184.25.190.43
397,Rozamond,Cormode,rcormodeb0@auda.org.au,Female,71.154.155.127
398,Mirna,Yter,myterb1@cbc.ca,Female,99.252.79.99
399,Brooke,Cranmer,bcranmerb2@arizona.edu,Female,202.138.164.122
400,Flinn,Greenleaf,fgreenleafb3@ftc.gov,Male,166.158.53.98
401,Koral,Tickel,ktickelb4@hhs.gov,Female,127.254.2.50
402,Taffy,Cutler,tcutlerb5@netvibes.com,Female,194.135.60.65
403,Andreana,Piatkow,apiatkowb6@usa.gov,Female,77.215.172.114
404,Ekaterina,Garrison,egarrisonb7@gravatar.com,Female,68.157.31.243
405,Andra,Broe,abroeb8@nih.gov,Female,4.47.161.197
406,Essie,de Savery,edesaveryb9@discovery.com,Female,167.241.184.8
407,Jannel,Harbinson,jharbinsonba@skyrock.com,Female,232.228.73.186
408,Yancy,Quare,yquarebb@hc360.com,Male,8.193.138.25
409,Rosaline,Winslade,rwinsladebc@wix.com,Female,160.184.163.25
410,Teirtza,Yakobovitz,tyakobovitzbd@fc2.com,Female,87.117.219.247
411,Julieta,Pardi,jpardibe@aol.com,Female,44.47.93.86
412,Delinda,Idenden,didendenbf@wikimedia.org,Female,125.92.20.44
413,Jared,Balaisot,jbalaisotbg@tinypic.com,Male,172.154.187.232
414,Jacklin,Putton,jputtonbh@hud.gov,Female,234.226.255.197
415,Harrietta,Juppe,hjuppebi@cbslocal.com,Female,53.161.116.172
416,Witty,Gregoratti,wgregorattibj@disqus.com,Male,209.208.230.67
417,Agnola,Lindgren,alindgrenbk@cam.ac.uk,Female,164.116.43.105
418,Conrad,Mully,cmullybl@ezinearticles.com,Male,106.112.73.224
419,Wilone,Palombi,wpalombibm@360.cn,Female,45.41.14.211
420,Kerr,Rzehor,krzehorbn@telegraph.co.uk,Male,40.75.187.209
421,Christa,Brand,cbrandbo@toplist.cz,Female,28.180.20.72
422,Collette,Viollet,cviolletbp@myspace.com,Female,239.66.16.44
423,Web,Farrar,wfarrarbq@techcrunch.com,Male,233.5.226.133
424,Harlin,Cowser,hcowserbr@w3.org,Male,135.109.0.125
425,Godfry,Matus,gmatusbs@sciencedaily.com,Male,191.136.76.165
426,Uriah,Dabell,udabellbt@networkadvertising.org,Male,61.27.238.199
427,Efrem,Cawdron,ecawdronbu@fda.gov,Male,70.44.140.81
428,Meagan,Rumney,mrumneybv@engadget.com,Female,239.104.10.236
429,Tricia,Gillings,tgillingsbw@slideshare.net,Female,185.16.211.122
430,Ulric,Treswell,utreswellbx@diigo.com,Male,193.104.229.65
431,Leta,Pharo,lpharoby@booking.com,Female,121.251.11.81
432,Timi,Cron,tcronbz@geocities.com,Female,139.202.103.171
433,Rosana,Maier,rmaierc0@globo.com,Female,45.161.233.2
434,Joshuah,Honnan,jhonnanc1@amazon.de,Male,27.84.243.159
435,Isis,Spyvye,ispyvyec2@sohu.com,Female,120.185.63.98
436,Ramona,Knok,rknokc3@bigcartel.com,Female,190.237.169.190
437,Abie,Buckler,abucklerc4@omniture.com,Male,38.223.154.178
438,Thomasin,Narducci,tnarduccic5@diigo.com,Female,212.99.157.197
439,Hetti,Destouche,hdestouchec6@dagondesign.com,Female,223.77.17.10
440,Allys,Poltone,apoltonec7@unblog.fr,Female,91.132.232.147
441,Franchot,Santen,fsantenc8@purevolume.com,Male,208.47.137.161
442,Dela,Boast,dboastc9@fda.gov,Female,108.0.51.97
443,Ed,Harkess,eharkessca@nba.com,Male,155.62.113.190
444,Danny,Quernel,dquernelcb@purevolume.com,Female,227.50.139.92
445,Forrest,Longmead,flongmeadcc@google.it,Male,229.134.53.195
446,Elise,Tomaszkiewicz,etomaszkiewiczcd@zdnet.com,Female,164.235.229.21
447,Moore,Oglesbee,moglesbeece@opensource.org,Male,228.107.8.184
448,Mort,Creevy,mcreevycf@oracle.com,Male,28.129.118.157
449,Drucill,Allport,dallportcg@accuweather.com,Female,29.15.231.85
450,Robinson,Lande,rlandech@desdev.cn,Male,139.76.123.175
451,Therese,Orro,torroci@comsenz.com,Female,97.226.241.111
452,Bryan,Scala,bscalacj@joomla.org,Male,208.118.30.25
453,Kali,Gingell,kgingellck@unblog.fr,Female,79.74.250.30
454,Sampson,Farr,sfarrcl@msn.com,Male,170.128.33.116
455,Gaspard,Wren,gwrencm@wisc.edu,Male,121.122.107.107
456,Mortimer,Davidou,mdavidoucn@java.com,Male,192.111.175.162
457,Frankie,Elwyn,felwynco@gnu.org,Male,147.81.146.191
458,Thatch,Knellen,tknellencp@economist.com,Male,164.248.160.160
459,Bevan,Praill,bpraillcq@e-recht24.de,Male,114.50.61.70
460,Sandi,Machel,smachelcr@merriam-webster.com,Female,84.47.159.244
461,Garey,Kail,gkailcs@seesaa.net,Male,67.156.70.229
462,Ruthann,M'Quharge,rmquhargect@csmonitor.com,Female,10.196.213.78
463,Stirling,Gutridge,sgutridgecu@mayoclinic.com,Male,53.2.213.225
464,Guinevere,Verity,gveritycv@cdbaby.com,Female,171.110.72.192
465,Tanny,Ballintyne,tballintynecw@twitter.com,Male,101.95.121.101
466,Idalia,Romaynes,iromaynescx@facebook.com,Female,219.205.134.196
467,Dewie,Elix,delixcy@kickstarter.com,Male,23.20.85.12
468,Loreen,Widdop,lwiddopcz@ihg.com,Female,101.67.1.2
469,Arlie,Surgeoner,asurgeonerd0@independent.co.uk,Female,199.141.38.22
470,Hadleigh,Oldred,holdredd1@sitemeter.com,Male,165.244.220.88
471,Sheryl,Cardillo,scardillod2@ebay.co.uk,Female,81.223.2.124
472,Claybourne,Tesdale,ctesdaled3@biglobe.ne.jp,Male,141.106.99.252
473,Ginelle,Pulman,gpulmand4@yahoo.co.jp,Female,228.38.123.133
474,Montgomery,Oppie,moppied5@hatena.ne.jp,Male,244.170.245.104
475,Uri,Bullingham,ubullinghamd6@washingtonpost.com,Male,241.251.4.102
476,Maryanne,Hobble,mhobbled7@blogs.com,Female,223.221.246.2
477,Lynda,Dundendale,ldundendaled8@chron.com,Female,60.189.191.173
478,Genevieve,Inker,ginkerd9@example.com,Female,131.234.29.36
479,Lothaire,Troillet,ltroilletda@netlog.com,Male,176.234.17.103
480,Joana,Keave,jkeavedb@blinklist.com,Female,132.31.53.134
481,Loise,Cancutt,lcancuttdc@noaa.gov,Female,108.23.197.195
482,Kliment,Parkhouse,kparkhousedd@spiegel.de,Male,64.113.94.114
483,Louisa,Bann,lbannde@123-reg.co.uk,Female,28.157.81.64
484,Nial,Ducarel,nducareldf@google.nl,Male,173.91.127.174
485,Audrye,Cresser,acresserdg@bluehost.com,Female,24.95.50.194
486,Orren,Izzard,oizzarddh@bing.com,Male,190.231.161.124
487,Cleon,Lloyd,clloyddi@ovh.net,Male,226.197.88.238
488,Estel,Duigan,eduigandj@cpanel.net,Female,240.149.166.124
489,Kayne,Millan,kmillandk@hud.gov,Male,62.217.205.195
490,Melosa,Dickin,mdickindl@ovh.net,Female,242.114.171.42
491,Vina,Petrushkevich,vpetrushkevichdm@boston.com,Female,44.201.183.244
492,Iorgo,Ferentz,iferentzdn@hud.gov,Male,112.36.137.184
493,Brennen,Smallpiece,bsmallpiecedo@cmu.edu,Male,91.3.1.215
494,Kara-lynn,Basill,kbasilldp@oracle.com,Female,183.154.170.162
495,Mayer,Joanaud,mjoanauddq@linkedin.com,Male,14.191.114.21
496,Lula,Moncarr,lmoncarrdr@desdev.cn,Female,17.75.249.155
497,Lisbeth,Lilburn,llilburnds@buzzfeed.com,Female,174.128.3.47
498,Elana,Maleham,emalehamdt@barnesandnoble.com,Female,47.42.239.48
499,Mufi,Barradell,mbarradelldu@accuweather.com,Female,155.247.205.173
500,Othello,Buscombe,obuscombedv@sohu.com,Male,4.71.199.40
